emoji;title;content;image
ğŸ˜©;Polarised modular conglomeration;Optio numquam ut accusantium laborum unde assumenda. Ea et totam asperiores fugiat voluptatem vitae. Et provident nam et mollitia.;https://python.beispiel.programmierenlernen.io/img/1.jpg
ğŸ˜;Cross-group contextually-based middleware;Deleniti atque autem et commodi cupiditate cupiditate. Fuga illum quas aliquam velit. Labore dolor fugit quia id odio nam.;https://python.beispiel.programmierenlernen.io/img/2.jpg
ğŸ˜Œ;De-engineered encompassing structure;Assumenda tempora inventore harum cumque voluptatibus sit et. Et omnis et dolore quod voluptas sit a.;https://python.beispiel.programmierenlernen.io/img/3.jpg
ğŸ˜š;Fully-configurable multi-tasking interface;Cumque unde officia autem quia at fugit. Sint iure veritatis culpa aut provident aliquam in. Eos eum accusantium quia vel dignissimos nesciunt expedita. Rem aut accusantium et tempore.;https://python.beispiel.programmierenlernen.io/img/4.jpg
ğŸ˜ ;Versatile eco-centric core;Delectus distinctio quis omnis ut commodi sed. Beatae officia doloribus consequatur dolore. Consectetur impedit quia voluptas et ut. Incidunt rem mollitia fugiat quia corporis quo. Quod possimus ut et neque deserunt.;https://python.beispiel.programmierenlernen.io/img/5.jpg
ğŸ˜®;Optional maximized utilisation;Consequatur sit deleniti sunt aut ullam eos. Vel ex ut sunt velit provident corporis consequatur. Ea est dolorum ut atque unde. Quasi itaque nihil pariatur.;https://python.beispiel.programmierenlernen.io/img/6.jpg
ğŸ˜¢;Open-architected secondary product;Reiciendis dolor quisquam tempora in. Totam ut distinctio vero. Ullam maiores dolor sunt voluptas.;https://python.beispiel.programmierenlernen.io/img/7.jpg
ğŸ˜ ;Realigned zerotolerance function;Consectetur doloribus sed quia id ex sequi. Accusamus repudiandae esse incidunt sunt minima sapiente quibusdam. Sit eius quasi non eius.;https://python.beispiel.programmierenlernen.io/img/8.jpg
ğŸ˜†;Quality-focused user-facing help-desk;Dolores ipsum tempore quae non corporis neque saepe. Nesciunt ipsam architecto et est. Illo fugit totam molestiae cumque consequatur. Qui veritatis necessitatibus repellendus.;https://python.beispiel.programmierenlernen.io/img/9.jpg
ğŸ˜¤;Proactive user-facing opensystem;Quo recusandae iusto rem officia. Voluptatum placeat omnis nulla eum commodi iusto impedit. Alias qui a beatae commodi ducimus. Quo commodi nemo mollitia quaerat molestiae voluptate animi.;https://python.beispiel.programmierenlernen.io/img/10.jpg
ğŸ˜Ÿ;Decentralized holistic moderator;Et autem voluptas nemo ab non. A error porro est facilis. Amet soluta quasi unde voluptas id magni.;https://python.beispiel.programmierenlernen.io/img/11.jpg
ğŸ˜Œ;Mandatory tangible application;Veniam neque perferendis dolor officia. Quis praesentium et et qui. Esse dicta asperiores doloremque eum facere odio quia. Voluptates odit et officia cumque aut velit quam.;https://python.beispiel.programmierenlernen.io/img/12.jpg
ğŸ˜“;Digitized dedicated budgetarymanagement;Aliquam explicabo eius corporis perferendis. Cumque aperiam perferendis nesciunt et occaecati. Odit quisquam ullam non voluptatibus enim autem reiciendis. Officiis est dignissimos perferendis modi voluptas qui.;https://python.beispiel.programmierenlernen.io/img/13.jpg
ğŸ˜;Organized well-modulated concept;Quidem consequatur sed dolorem fuga. Est doloribus laudantium est blanditiis autem ut. Esse sapiente repellat et dolore minus voluptatem. Omnis dolores ipsam a explicabo et.;https://python.beispiel.programmierenlernen.io/img/14.jpg
ğŸ˜¢;Balanced optimal openarchitecture;Eligendi sint velit dolor et cumque odio. Quia possimus nisi nostrum ullam et. Magnam quia id enim soluta modi quia esse. Sint quae vitae quidem beatae. Perspiciatis aliquam est impedit quis iusto.;https://python.beispiel.programmierenlernen.io/img/15.jpg
